brand,avg_elasticity
Bud Right,-1.3455022001644223
Budmeiser,-1.4544382867351002
Coors Blight,-1.3215738715033853
Michelob Ultra Combo Breaker,-1.7488588067066841
